,humidity,precip,windgust,winddir,tempmax,tempmin,windspeed,datetime,year,month
0,68.5,0.0,0.0,116.7,29.0,15.0,24.1,2020-11-17,2020,11
1,59.0,0.1,0.0,125.8,29.0,15.0,18.4,2020-11-18,2020,11
2,53.6,0.0,0.0,108.9,30.0,12.0,21.4,2020-11-19,2020,11
3,54.8,0.0,0.0,193.0,30.3,14.0,29.5,2020-11-20,2020,11
4,72.9,0.0,0.0,119.7,31.0,18.0,22.3,2020-11-21,2020,11
5,73.8,8.0,0.0,84.0,28.0,16.0,20.5,2020-11-22,2020,11
6,72.5,0.1,0.0,103.1,29.0,19.0,21.4,2020-11-23,2020,11
7,64.1,0.0,0.0,112.1,30.0,16.0,31.4,2020-11-24,2020,11
8,61.8,0.0,37.1,112.2,29.7,16.0,25.9,2020-11-25,2020,11
9,64.8,0.0,0.0,101.0,28.2,14.0,21.4,2020-11-26,2020,11
10,66.8,0.0,0.0,112.9,31.0,16.0,18.4,2020-11-27,2020,11
11,64.4,0.0,0.0,112.9,31.0,18.0,24.1,2020-11-28,2020,11
12,60.3,0.0,0.0,113.5,31.0,17.0,14.9,2020-11-29,2020,11
13,69.4,1.5,0.0,269.3,31.0,17.0,29.5,2020-11-30,2020,11
14,83.7,3.8,0.0,33.0,28.0,18.0,25.9,2020-12-01,2020,12
15,78.0,0.0,0.0,304.2,30.0,17.0,25.2,2020-12-02,2020,12
16,68.0,0.0,0.0,98.9,30.6,19.0,14.8,2020-12-03,2020,12
17,71.8,0.0,0.0,100.8,30.8,18.0,37.1,2020-12-04,2020,12
18,71.4,0.0,0.0,129.6,30.0,20.0,24.2,2020-12-05,2020,12
19,73.7,0.0,0.0,119.7,28.8,18.0,22.3,2020-12-06,2020,12
20,73.8,9.0,0.0,299.8,28.1,20.0,27.7,2020-12-07,2020,12
21,76.7,28.0,63.0,148.9,28.0,17.0,35.3,2020-12-08,2020,12
22,81.1,2.5,0.0,134.8,23.8,16.3,24.1,2020-12-09,2020,12
23,84.8,9.0,0.0,124.0,25.0,17.0,25.9,2020-12-10,2020,12
24,89.0,9.0,0.0,114.3,21.1,17.0,18.4,2020-12-11,2020,12
25,80.5,1.1,0.0,119.9,23.0,16.0,25.0,2020-12-12,2020,12
26,74.6,0.0,0.0,125.7,26.0,15.0,22.3,2020-12-13,2020,12
27,69.8,0.0,0.0,129.7,26.0,16.0,18.4,2020-12-14,2020,12
28,64.2,0.0,0.0,112.1,30.0,13.0,22.3,2020-12-15,2020,12
29,64.6,0.0,0.0,112.4,30.0,15.0,23.2,2020-12-16,2020,12
30,65.1,0.0,0.0,105.7,29.6,17.0,25.9,2020-12-17,2020,12
31,67.7,0.0,0.0,79.1,31.0,19.0,20.5,2020-12-18,2020,12
32,67.6,0.0,0.0,208.7,30.7,17.0,20.5,2020-12-19,2020,12
33,71.7,17.0,29.5,115.7,29.0,18.0,29.5,2020-12-20,2020,12
34,76.0,4.0,0.0,110.1,29.0,18.0,29.5,2020-12-21,2020,12
35,71.1,0.0,0.0,111.7,28.0,17.0,25.9,2020-12-22,2020,12
36,67.1,0.0,0.0,120.9,28.0,16.0,24.1,2020-12-23,2020,12
37,66.2,0.0,0.0,111.7,30.0,16.0,23.2,2020-12-24,2020,12
38,64.6,0.0,0.0,114.3,30.0,15.0,27.7,2020-12-25,2020,12
39,68.2,0.0,0.0,143.7,29.0,16.0,24.1,2020-12-26,2020,12
40,90.9,33.0,0.0,123.5,21.0,18.0,37.1,2020-12-27,2020,12
41,85.1,6.0,0.0,97.3,26.0,18.0,27.7,2020-12-28,2020,12
42,77.8,0.2,0.0,123.4,26.0,19.0,31.7,2020-12-29,2020,12
43,74.3,0.2,44.6,135.2,27.0,17.0,26.7,2020-12-30,2020,12
44,67.1,0.0,0.0,134.1,26.0,15.0,25.8,2020-12-31,2020,12
45,73.2,0.0,0.0,127.5,27.0,16.0,22.3,2021-01-01,2021,1
46,70.8,0.0,0.0,121.8,28.0,18.0,22.3,2021-01-02,2021,1
47,74.1,0.1,0.0,121.7,26.0,16.0,25.9,2021-01-03,2021,1
48,64.9,0.0,0.0,126.1,28.0,15.0,20.5,2021-01-04,2021,1
49,74.3,3.0,0.0,102.5,29.0,16.0,22.3,2021-01-05,2021,1
50,71.8,0.1,0.0,102.2,29.6,17.9,18.4,2021-01-06,2021,1
51,64.2,0.0,0.0,96.7,30.7,17.5,20.5,2021-01-07,2021,1
52,67.4,0.0,0.0,103.8,31.0,17.0,24.1,2021-01-08,2021,1
53,79.6,16.0,0.0,101.5,30.0,19.0,22.3,2021-01-09,2021,1
54,67.4,0.0,0.0,98.0,29.8,18.0,22.3,2021-01-10,2021,1
55,69.3,0.0,0.0,114.5,30.0,17.0,18.4,2021-01-11,2021,1
56,63.0,0.0,0.0,124.4,31.7,16.0,13.0,2021-01-12,2021,1
57,66.6,0.0,0.0,217.4,31.0,19.0,16.6,2021-01-13,2021,1
58,73.5,0.7,0.0,202.7,31.0,19.0,15.7,2021-01-14,2021,1
59,75.6,18.3,0.0,94.7,30.0,18.0,14.8,2021-01-15,2021,1
60,73.0,2.0,0.0,84.8,30.0,19.0,18.4,2021-01-16,2021,1
61,66.5,0.1,0.0,39.3,32.0,18.0,20.5,2021-01-17,2021,1
62,67.9,0.0,0.0,148.7,33.0,20.0,22.3,2021-01-18,2021,1
63,66.7,0.4,0.0,139.4,30.0,17.3,26.8,2021-01-19,2021,1
64,87.4,14.1,0.0,141.8,24.0,19.0,27.7,2021-01-20,2021,1
65,79.6,5.1,0.0,69.5,27.1,20.0,25.9,2021-01-21,2021,1
66,75.0,0.0,0.0,84.7,30.0,19.0,20.3,2021-01-22,2021,1
67,71.7,0.0,0.0,108.6,30.0,19.0,24.1,2021-01-23,2021,1
68,78.5,76.0,0.0,46.5,31.1,17.0,38.9,2021-01-24,2021,1
69,81.2,14.0,64.8,269.2,30.0,16.0,14.5,2021-01-25,2021,1
70,82.9,38.0,0.0,64.5,29.0,17.0,25.9,2021-01-26,2021,1
71,77.7,1.1,0.0,97.2,29.0,17.0,16.6,2021-01-27,2021,1
72,76.4,23.0,0.0,152.2,31.0,19.0,20.5,2021-01-28,2021,1
73,82.2,2.5,0.0,61.6,29.0,18.0,35.3,2021-01-29,2021,1
74,77.1,0.0,0.0,83.0,27.0,16.0,27.7,2021-01-30,2021,1
75,77.0,9.0,0.0,85.1,28.0,17.0,16.6,2021-01-31,2021,1
76,73.1,0.0,0.0,114.5,29.0,19.0,22.3,2021-02-01,2021,2
77,69.1,0.2,0.0,125.4,30.0,19.0,25.9,2021-02-02,2021,2
78,70.4,0.0,0.0,118.7,29.0,16.4,24.1,2021-02-03,2021,2
79,79.5,15.1,0.0,115.4,28.0,17.0,27.7,2021-02-04,2021,2
80,76.8,16.0,0.0,96.9,29.7,18.0,25.9,2021-02-05,2021,2
81,77.6,3.0,0.0,355.2,28.0,17.6,22.3,2021-02-06,2021,2
82,83.7,0.9,0.0,327.0,28.0,17.6,25.9,2021-02-07,2021,2
83,74.2,0.0,0.0,70.1,29.0,19.0,29.5,2021-02-08,2021,2
84,85.3,22.0,0.0,80.8,26.0,18.0,18.4,2021-02-09,2021,2
85,84.3,61.0,0.0,81.6,26.0,18.0,27.7,2021-02-10,2021,2
86,83.2,18.0,0.0,81.0,24.0,16.0,17.7,2021-02-11,2021,2
87,78.6,33.8,0.0,97.0,26.0,15.0,22.3,2021-02-12,2021,2
88,85.9,5.0,0.0,107.4,25.0,18.0,23.4,2021-02-13,2021,2
89,89.1,7.9,0.0,119.3,24.0,17.0,20.5,2021-02-14,2021,2
90,82.2,17.0,0.0,34.9,25.0,16.9,13.0,2021-02-15,2021,2
91,87.8,13.0,0.0,5.6,26.0,17.4,27.8,2021-02-16,2021,2
92,78.8,0.7,0.0,306.2,28.0,18.0,18.4,2021-02-17,2021,2
93,74.4,2.0,53.6,118.6,32.0,17.8,29.5,2021-02-18,2021,2
94,74.5,4.6,0.0,124.8,30.0,19.0,22.3,2021-02-19,2021,2
95,73.1,3.4,0.0,102.1,30.0,18.7,22.3,2021-02-20,2021,2
96,77.3,2.1,0.0,100.9,28.0,18.0,24.1,2021-02-21,2021,2
97,79.1,0.0,0.0,128.5,28.0,18.0,30.6,2021-02-22,2021,2
98,76.1,0.0,0.0,116.2,26.3,17.0,29.5,2021-02-23,2021,2
99,78.0,0.1,0.0,124.0,26.0,17.4,25.0,2021-02-24,2021,2
100,75.3,0.0,0.0,107.2,27.0,18.0,24.1,2021-02-25,2021,2
101,78.0,0.0,0.0,97.5,27.0,17.0,19.5,2021-02-26,2021,2
102,79.3,0.3,0.0,82.1,29.0,19.0,18.4,2021-02-27,2021,2
103,75.4,0.0,0.0,110.4,27.0,18.1,23.2,2021-02-28,2021,2
104,73.9,0.0,0.0,121.2,26.9,18.0,25.9,2021-03-01,2021,3
105,73.3,0.0,0.0,109.5,27.0,17.0,27.7,2021-03-02,2021,3
106,70.6,0.0,0.0,98.6,28.6,16.0,20.5,2021-03-03,2021,3
107,92.8,60.0,48.2,357.2,23.0,18.0,25.9,2021-03-04,2021,3
108,89.6,15.0,0.0,19.7,25.0,18.0,24.1,2021-03-05,2021,3
109,83.7,22.0,0.0,306.2,27.0,18.0,29.5,2021-03-06,2021,3
110,76.3,0.0,0.0,286.5,28.0,16.8,24.1,2021-03-07,2021,3
111,74.6,0.0,0.0,68.7,28.0,18.0,18.4,2021-03-08,2021,3
112,73.1,0.0,0.0,119.9,29.0,17.8,20.5,2021-03-09,2021,3
113,74.8,0.0,0.0,102.5,27.0,17.0,22.3,2021-03-10,2021,3
114,76.4,0.0,0.0,116.5,27.0,18.0,22.3,2021-03-11,2021,3
115,72.9,0.0,0.0,122.5,26.1,18.0,22.3,2021-03-12,2021,3
116,68.5,0.0,0.0,129.3,25.1,14.5,20.5,2021-03-13,2021,3
117,74.6,0.0,0.0,129.6,27.0,14.7,27.7,2021-03-14,2021,3
118,74.1,0.0,0.0,127.0,26.0,18.0,24.1,2021-03-15,2021,3
119,76.6,0.0,0.0,118.5,27.0,17.0,29.5,2021-03-16,2021,3
120,77.6,6.0,0.0,118.6,27.0,18.0,18.4,2021-03-17,2021,3
121,83.3,45.0,72.4,117.4,27.0,16.0,38.9,2021-03-18,2021,3
122,82.7,9.0,42.5,126.5,27.0,17.3,16.6,2021-03-19,2021,3
123,77.6,0.0,0.0,119.7,25.0,17.0,22.3,2021-03-20,2021,3
124,80.5,2.0,0.0,116.7,26.0,16.0,23.2,2021-03-21,2021,3
125,80.5,0.9,0.0,104.6,26.8,18.0,27.7,2021-03-22,2021,3
126,81.0,0.2,0.0,27.5,27.0,18.0,25.0,2021-03-23,2021,3
127,80.7,0.7,0.0,314.9,27.0,19.0,22.3,2021-03-24,2021,3
128,84.3,9.6,0.0,43.9,27.0,18.0,18.4,2021-03-25,2021,3
129,81.8,9.0,0.0,305.7,29.0,17.9,18.4,2021-03-26,2021,3
130,77.2,0.0,0.0,296.3,28.0,15.3,24.1,2021-03-27,2021,3
131,75.9,0.0,0.0,289.3,28.0,16.0,20.5,2021-03-28,2021,3
132,74.5,0.0,0.0,285.4,29.0,16.8,14.8,2021-03-29,2021,3
133,76.8,0.0,0.0,65.7,27.0,17.4,13.0,2021-03-30,2021,3
134,78.2,0.0,0.0,113.4,26.0,18.0,18.4,2021-03-31,2021,3
135,79.7,0.0,0.0,133.1,24.0,18.0,24.1,2021-04-01,2021,4
136,79.0,0.0,0.0,133.0,24.0,15.0,24.1,2021-04-02,2021,4
137,76.5,0.0,0.0,105.8,27.3,13.0,20.5,2021-04-03,2021,4
138,80.8,7.0,0.0,84.7,28.0,17.0,20.5,2021-04-04,2021,4
139,79.4,0.5,0.0,291.5,28.0,16.0,16.6,2021-04-05,2021,4
140,76.0,0.0,0.0,86.7,30.0,15.0,22.3,2021-04-06,2021,4
141,77.3,0.0,0.0,131.9,26.0,18.0,25.9,2021-04-07,2021,4
142,77.6,0.0,0.0,137.5,26.0,17.1,18.4,2021-04-08,2021,4
143,74.4,0.0,0.0,113.5,26.0,14.1,22.3,2021-04-09,2021,4
144,76.5,0.0,0.0,121.6,26.0,16.0,18.4,2021-04-10,2021,4
145,77.6,0.0,0.0,128.7,24.0,16.0,20.5,2021-04-11,2021,4
146,75.8,0.0,0.0,135.9,26.0,16.0,23.2,2021-04-12,2021,4
147,80.7,0.3,0.0,130.2,25.0,14.4,27.7,2021-04-13,2021,4
148,76.7,0.0,0.0,123.4,25.1,16.9,18.4,2021-04-14,2021,4
149,82.4,5.0,0.0,79.6,27.0,17.0,22.3,2021-04-15,2021,4
150,84.0,1.0,0.0,306.1,28.0,16.3,20.5,2021-04-16,2021,4
151,81.5,0.0,0.0,106.1,27.0,15.0,22.3,2021-04-17,2021,4
152,78.2,0.0,0.0,138.4,21.0,15.0,22.3,2021-04-18,2021,4
153,80.5,0.0,0.0,142.6,21.9,15.0,20.5,2021-04-19,2021,4
154,78.0,0.0,0.0,128.3,23.0,16.0,22.3,2021-04-20,2021,4
155,78.3,0.0,0.0,134.3,24.0,15.0,20.5,2021-04-21,2021,4
156,83.2,0.2,0.0,122.0,24.0,14.0,22.3,2021-04-22,2021,4
157,76.1,0.0,0.0,112.8,25.0,16.0,24.1,2021-04-23,2021,4
158,79.9,0.0,0.0,138.8,24.0,16.0,27.7,2021-04-24,2021,4
159,79.8,0.1,0.0,131.9,23.0,17.0,19.5,2021-04-25,2021,4
160,79.0,0.0,0.0,133.6,25.0,16.6,25.9,2021-04-26,2021,4
161,83.7,1.0,0.0,135.3,22.0,16.0,20.5,2021-04-27,2021,4
162,79.9,0.0,0.0,128.0,24.0,16.0,25.0,2021-04-28,2021,4
163,80.0,0.0,0.0,141.5,23.0,16.0,25.9,2021-04-29,2021,4
164,82.2,0.0,0.0,136.5,25.0,17.0,20.5,2021-04-30,2021,4
165,80.3,0.0,0.0,111.6,26.0,15.0,14.8,2021-05-01,2021,5
166,78.3,0.0,0.0,269.1,29.0,16.0,27.7,2021-05-02,2021,5
167,78.6,0.1,0.0,298.7,25.0,15.0,11.2,2021-05-03,2021,5
168,74.4,0.0,0.0,297.8,27.0,15.2,20.5,2021-05-04,2021,5
169,76.6,0.0,0.0,309.5,28.0,12.0,25.9,2021-05-05,2021,5
170,76.8,0.0,0.0,29.4,28.0,14.0,14.8,2021-05-06,2021,5
171,73.0,0.0,29.5,88.4,27.0,16.0,18.4,2021-05-07,2021,5
172,77.2,0.0,0.0,102.0,25.0,16.0,22.3,2021-05-08,2021,5
173,78.7,0.5,0.0,77.8,26.0,15.0,12.9,2021-05-09,2021,5
174,79.2,5.0,0.0,311.4,25.0,15.0,20.5,2021-05-10,2021,5
175,78.7,0.0,0.0,122.8,24.8,14.0,20.5,2021-05-11,2021,5
176,74.9,0.0,0.0,125.3,24.4,14.0,20.5,2021-05-12,2021,5
177,80.0,0.0,0.0,121.1,24.2,12.0,24.1,2021-05-13,2021,5
178,77.6,0.0,0.0,135.7,23.0,15.0,24.1,2021-05-14,2021,5
179,79.6,0.3,0.0,120.5,22.3,13.0,25.9,2021-05-15,2021,5
180,82.2,0.0,0.0,99.3,23.0,10.0,20.5,2021-05-16,2021,5
181,76.7,0.0,0.0,104.5,25.0,10.8,16.6,2021-05-17,2021,5
182,75.0,0.0,0.0,124.2,24.0,11.0,18.4,2021-05-18,2021,5
183,83.3,0.2,0.0,139.3,20.0,12.0,22.3,2021-05-19,2021,5
184,77.9,0.1,0.0,151.8,19.2,12.0,29.5,2021-05-20,2021,5
185,78.4,0.8,0.0,162.2,19.0,10.0,20.5,2021-05-21,2021,5
186,78.2,0.0,0.0,140.8,21.1,10.0,25.0,2021-05-22,2021,5
187,82.0,0.0,0.0,146.0,23.0,8.0,16.6,2021-05-23,2021,5
188,75.3,0.0,0.0,109.0,23.0,14.0,19.5,2021-05-24,2021,5
189,72.1,0.0,0.0,97.7,24.0,11.0,14.8,2021-05-25,2021,5
190,71.9,0.0,0.0,133.5,23.0,12.0,14.8,2021-05-26,2021,5
191,75.8,0.0,0.0,88.9,23.0,11.0,14.8,2021-05-27,2021,5
192,74.2,0.0,0.0,33.3,25.0,11.0,13.0,2021-05-28,2021,5
193,75.4,0.0,0.0,27.7,25.0,9.0,13.8,2021-05-29,2021,5
194,71.1,0.0,0.0,59.4,27.0,11.8,18.4,2021-05-30,2021,5
195,75.6,0.0,0.0,77.4,26.7,13.0,11.2,2021-05-31,2021,5
196,85.3,2.0,0.0,100.0,21.0,14.0,16.6,2021-06-01,2021,6
197,79.4,0.0,0.0,109.7,23.0,12.0,25.9,2021-06-02,2021,6
198,80.2,0.0,0.0,95.9,24.0,10.0,16.6,2021-06-03,2021,6
199,77.8,0.0,0.0,92.6,26.0,13.0,12.1,2021-06-04,2021,6
200,75.3,0.0,0.0,263.8,26.0,12.0,20.5,2021-06-05,2021,6
201,80.2,0.0,0.0,124.7,20.0,11.0,24.1,2021-06-06,2021,6
202,74.5,0.0,0.0,151.3,19.0,11.1,25.9,2021-06-07,2021,6
203,70.6,0.0,0.0,144.5,21.0,11.0,27.7,2021-06-08,2021,6
204,73.8,0.0,44.6,147.3,18.8,9.4,24.1,2021-06-09,2021,6
205,75.7,0.0,0.0,144.5,20.0,9.5,22.3,2021-06-10,2021,6
206,77.2,0.0,0.0,131.6,20.0,10.0,25.9,2021-06-11,2021,6
207,72.7,0.0,0.0,133.3,23.0,12.0,20.5,2021-06-12,2021,6
208,91.5,3.1,0.0,138.6,20.0,15.0,16.6,2021-06-13,2021,6
209,88.2,9.2,0.0,157.2,19.0,12.0,17.4,2021-06-14,2021,6
210,80.1,0.0,0.0,109.9,24.0,10.5,20.5,2021-06-15,2021,6
211,80.3,0.0,0.0,136.3,19.0,10.0,27.7,2021-06-16,2021,6
212,82.6,0.0,0.0,120.5,19.0,8.0,16.6,2021-06-17,2021,6
213,78.5,0.0,0.0,134.1,24.0,7.0,14.8,2021-06-18,2021,6
214,76.0,0.0,0.0,136.5,22.0,9.0,22.3,2021-06-19,2021,6
215,76.8,0.2,0.0,146.0,20.0,11.0,30.6,2021-06-20,2021,6
216,78.6,0.0,0.0,139.6,19.0,10.0,25.9,2021-06-21,2021,6
217,74.0,0.0,0.0,127.7,19.0,10.0,22.3,2021-06-22,2021,6
218,79.8,0.0,0.0,123.7,18.0,8.0,21.1,2021-06-23,2021,6
219,75.8,0.0,0.0,109.2,22.0,7.0,18.4,2021-06-24,2021,6
220,84.0,0.0,0.0,82.0,20.0,7.0,16.5,2021-06-25,2021,6
221,79.1,0.0,0.0,70.0,22.2,10.0,11.2,2021-06-26,2021,6
222,75.8,0.0,0.0,114.2,22.0,10.8,16.6,2021-06-27,2021,6
223,73.6,0.0,0.0,96.3,23.0,6.0,16.5,2021-06-28,2021,6
224,79.0,0.0,0.0,132.2,24.0,10.0,18.4,2021-06-29,2021,6
225,77.2,0.0,0.0,106.1,22.0,9.9,22.3,2021-06-30,2021,6
226,79.8,0.0,0.0,113.2,22.0,8.0,20.3,2021-07-01,2021,7
227,75.0,0.0,0.0,120.1,22.6,10.0,29.5,2021-07-02,2021,7
228,82.5,0.3,0.0,129.7,21.0,10.7,21.4,2021-07-03,2021,7
229,76.0,0.0,0.0,108.9,24.0,7.0,18.4,2021-07-04,2021,7
230,82.4,0.0,0.0,108.3,23.0,8.0,18.4,2021-07-05,2021,7
231,81.3,0.0,0.0,116.6,21.0,9.0,18.4,2021-07-06,2021,7
232,80.0,0.0,0.0,120.6,22.0,10.0,18.4,2021-07-07,2021,7
233,75.8,0.0,0.0,144.7,20.8,10.0,25.0,2021-07-08,2021,7
234,76.5,0.0,0.0,140.9,20.0,12.0,29.5,2021-07-09,2021,7
235,76.4,0.1,50.0,143.8,20.0,14.0,27.7,2021-07-10,2021,7
236,73.2,0.0,0.0,138.9,21.0,11.1,25.9,2021-07-11,2021,7
237,80.2,1.0,0.0,126.8,22.0,11.0,27.7,2021-07-12,2021,7
238,75.2,0.0,0.0,119.5,21.0,10.0,27.7,2021-07-13,2021,7
239,78.8,0.0,0.0,114.9,23.0,7.0,25.0,2021-07-14,2021,7
240,78.0,0.0,0.0,129.2,21.0,9.0,31.7,2021-07-15,2021,7
241,71.8,0.0,0.0,134.0,21.0,10.4,22.3,2021-07-16,2021,7
242,69.4,0.0,0.0,136.2,20.0,13.0,24.1,2021-07-17,2021,7
243,75.4,0.0,0.0,118.1,22.0,11.3,24.1,2021-07-18,2021,7
244,76.2,0.0,0.0,140.0,21.0,12.0,29.5,2021-07-19,2021,7
245,80.8,0.0,0.0,139.6,18.8,13.0,24.1,2021-07-20,2021,7
246,72.8,0.0,0.0,140.8,21.0,12.0,25.9,2021-07-21,2021,7
247,76.3,0.0,0.0,136.0,20.8,9.0,18.4,2021-07-22,2021,7
248,75.2,0.0,0.0,121.0,22.0,8.7,16.6,2021-07-23,2021,7
249,76.5,0.0,0.0,132.9,20.0,9.0,20.5,2021-07-24,2021,7
250,75.2,0.0,44.6,160.6,19.0,12.0,27.7,2021-07-25,2021,7
251,74.6,0.0,0.0,147.4,17.0,11.0,24.1,2021-07-26,2021,7
252,69.9,0.4,0.0,143.9,22.0,10.0,20.5,2021-07-27,2021,7
253,67.3,0.0,0.0,133.9,21.0,7.1,25.9,2021-07-28,2021,7
254,85.5,0.1,0.0,141.5,18.0,10.5,23.1,2021-07-29,2021,7
255,81.7,0.0,0.0,143.1,19.0,12.0,24.1,2021-07-30,2021,7
256,73.8,0.0,0.0,134.6,20.0,9.0,25.9,2021-07-31,2021,7
257,73.9,0.0,0.0,128.7,21.0,6.0,26.7,2021-08-01,2021,8
258,78.7,0.0,0.0,110.9,20.0,10.5,14.8,2021-08-02,2021,8
259,72.8,0.0,0.0,135.0,24.0,7.0,24.1,2021-08-03,2021,8
260,81.9,0.9,0.0,132.7,19.0,11.0,23.1,2021-08-04,2021,8
261,80.5,0.6,0.0,137.6,21.0,10.0,24.1,2021-08-05,2021,8
262,69.5,0.0,0.0,128.9,22.0,7.1,18.4,2021-08-06,2021,8
263,74.3,0.0,0.0,107.1,24.0,7.0,18.4,2021-08-07,2021,8
264,70.2,0.0,0.0,111.0,24.0,9.5,20.5,2021-08-08,2021,8
265,69.5,0.0,0.0,118.9,24.0,8.5,16.6,2021-08-09,2021,8
266,75.5,0.0,0.0,136.0,24.0,10.0,20.5,2021-08-10,2021,8
267,74.1,0.0,0.0,112.5,20.0,12.0,22.3,2021-08-11,2021,8
268,71.8,0.0,0.0,34.7,27.0,6.9,18.4,2021-08-12,2021,8
269,74.7,0.0,0.0,150.3,26.0,11.9,18.4,2021-08-13,2021,8
270,72.9,0.0,48.2,150.2,21.8,14.0,27.7,2021-08-14,2021,8
271,73.7,0.0,0.0,129.7,20.0,10.0,21.4,2021-08-15,2021,8
272,72.6,0.0,0.0,130.5,20.0,8.0,25.0,2021-08-16,2021,8
273,71.3,0.0,40.7,140.3,20.0,11.0,30.5,2021-08-17,2021,8
274,76.6,0.1,0.0,117.7,21.0,11.0,22.3,2021-08-18,2021,8
275,74.6,0.0,0.0,90.3,27.0,9.0,18.4,2021-08-19,2021,8
276,74.1,0.0,0.0,103.7,28.9,14.2,20.5,2021-08-20,2021,8
277,68.6,0.0,0.0,117.6,27.0,13.4,25.9,2021-08-21,2021,8
278,68.3,0.0,0.0,114.1,25.0,10.0,20.5,2021-08-22,2021,8
279,69.3,0.0,0.0,101.5,27.0,8.5,20.5,2021-08-23,2021,8
280,65.8,0.0,0.0,101.3,24.0,13.0,20.5,2021-08-24,2021,8
281,72.6,0.0,0.0,102.8,27.0,12.0,24.1,2021-08-25,2021,8
282,76.0,0.0,0.0,132.8,23.5,9.8,24.1,2021-08-26,2021,8
283,67.5,0.0,50.0,144.5,21.0,12.0,31.7,2021-08-27,2021,8
284,74.3,0.0,0.0,152.7,21.0,10.0,27.7,2021-08-28,2021,8
285,81.1,0.3,0.0,152.9,23.0,13.3,25.0,2021-08-29,2021,8
286,77.6,0.4,0.0,113.0,25.0,16.0,24.1,2021-08-30,2021,8
287,76.0,0.0,42.5,103.1,25.0,15.0,25.9,2021-08-31,2021,8
288,69.7,0.0,44.6,108.8,27.0,13.0,27.7,2021-09-01,2021,9
289,72.3,0.0,0.0,118.0,24.0,9.0,26.8,2021-09-02,2021,9
290,65.2,0.0,0.0,126.0,23.0,11.0,25.0,2021-09-03,2021,9
291,71.4,0.0,0.0,131.7,21.0,12.0,28.6,2021-09-04,2021,9
292,74.7,0.0,0.0,141.4,21.0,10.0,25.9,2021-09-05,2021,9
293,71.8,0.9,44.6,121.5,22.0,11.4,25.9,2021-09-06,2021,9
294,73.5,0.0,0.0,123.5,22.0,12.0,24.1,2021-09-07,2021,9
295,67.5,0.0,0.0,112.0,24.0,9.5,23.2,2021-09-08,2021,9
296,71.6,0.0,0.0,107.7,26.0,9.9,22.3,2021-09-09,2021,9
297,73.0,0.0,0.0,124.2,23.0,11.2,28.6,2021-09-10,2021,9
298,75.1,0.0,51.8,147.3,20.0,12.0,31.7,2021-09-11,2021,9
299,77.0,0.0,0.0,138.8,19.0,13.0,35.3,2021-09-12,2021,9
300,78.6,0.5,0.0,123.5,23.0,12.0,24.1,2021-09-13,2021,9
301,74.6,0.0,0.0,118.7,23.0,10.3,25.0,2021-09-14,2021,9
302,69.5,0.0,0.0,107.6,26.0,9.4,25.9,2021-09-15,2021,9
303,67.2,0.0,0.0,109.3,27.0,12.8,24.1,2021-09-16,2021,9
304,66.4,0.0,0.0,269.9,29.0,12.0,18.4,2021-09-17,2021,9
305,65.4,0.0,38.9,263.2,28.0,13.0,22.3,2021-09-18,2021,9
306,77.4,0.0,0.0,114.0,20.6,13.0,25.9,2021-09-19,2021,9
307,82.5,2.0,0.0,105.1,18.0,12.0,20.5,2021-09-20,2021,9
308,77.1,0.0,0.0,106.1,24.0,12.0,24.1,2021-09-21,2021,9
309,68.0,0.0,0.0,99.5,26.0,11.0,25.9,2021-09-22,2021,9
310,68.9,0.2,0.0,126.2,25.0,14.3,25.9,2021-09-23,2021,9
311,68.4,0.0,0.0,128.4,23.0,12.0,26.7,2021-09-24,2021,9
312,72.7,0.0,0.0,126.3,23.0,12.3,27.7,2021-09-25,2021,9
313,68.8,0.2,44.6,128.3,24.0,12.0,27.7,2021-09-26,2021,9
314,67.0,0.0,0.0,126.2,25.0,10.0,25.9,2021-09-27,2021,9
315,74.3,0.0,0.0,111.2,24.0,12.0,31.7,2021-09-28,2021,9
316,67.4,0.0,0.0,106.1,24.0,14.0,25.9,2021-09-29,2021,9
317,63.0,0.0,0.0,106.7,26.0,13.0,22.3,2021-09-30,2021,9
318,67.6,0.0,0.0,100.4,24.0,12.0,25.0,2021-10-01,2021,10
319,69.0,0.0,44.6,101.6,24.0,11.0,30.4,2021-10-02,2021,10
320,71.1,0.0,0.0,97.7,25.0,9.0,28.6,2021-10-03,2021,10
321,64.9,0.0,0.0,118.2,27.5,15.0,22.3,2021-10-04,2021,10
322,58.8,0.0,0.0,123.5,28.0,15.9,22.3,2021-10-05,2021,10
323,58.1,0.0,0.0,110.0,29.0,13.8,22.3,2021-10-06,2021,10
324,67.2,0.0,0.0,112.9,29.0,14.3,31.7,2021-10-07,2021,10
325,71.7,0.0,0.0,124.4,23.0,14.0,25.9,2021-10-08,2021,10
326,71.8,0.0,0.0,101.8,22.7,12.0,24.1,2021-10-09,2021,10
327,63.8,0.0,0.0,112.1,25.5,12.0,24.1,2021-10-10,2021,10
328,61.8,0.0,40.7,132.6,27.0,11.0,27.7,2021-10-11,2021,10
329,67.8,0.0,0.0,120.7,26.0,15.0,26.8,2021-10-12,2021,10
330,65.7,0.0,0.0,113.8,30.0,14.0,24.1,2021-10-13,2021,10
331,67.0,0.0,0.0,104.0,29.0,15.0,25.9,2021-10-14,2021,10
332,70.2,0.0,0.0,108.7,27.0,13.0,29.5,2021-10-15,2021,10
333,65.6,0.0,0.0,98.7,26.0,9.0,31.7,2021-10-16,2021,10
334,69.3,0.0,0.0,108.4,25.0,11.0,25.9,2021-10-17,2021,10
335,70.9,0.0,0.0,100.7,27.0,10.0,24.1,2021-10-18,2021,10
336,62.8,0.0,0.0,98.8,30.0,12.0,22.3,2021-10-19,2021,10
337,63.8,0.0,0.0,99.3,29.0,15.0,25.9,2021-10-20,2021,10
338,74.8,3.0,0.0,337.0,28.0,15.0,25.0,2021-10-21,2021,10
339,67.7,0.0,0.0,338.0,30.0,12.4,24.1,2021-10-22,2021,10
340,58.7,0.0,38.9,350.2,32.0,16.0,31.7,2021-10-23,2021,10
341,67.4,0.0,0.0,87.1,33.0,16.0,32.6,2021-10-24,2021,10
342,76.1,19.0,0.0,103.9,29.0,17.0,31.7,2021-10-25,2021,10
343,67.3,0.0,0.0,110.5,27.0,14.0,24.1,2021-10-26,2021,10
344,65.9,0.0,0.0,112.0,31.0,13.0,18.4,2021-10-27,2021,10
345,68.4,0.0,53.6,337.4,32.0,16.0,27.7,2021-10-28,2021,10
346,78.5,3.0,0.0,105.6,24.0,14.9,20.5,2021-10-29,2021,10
347,69.0,0.0,0.0,61.2,25.3,15.0,20.5,2021-10-30,2021,10
348,62.2,0.0,0.0,6.4,29.0,15.9,20.5,2021-10-31,2021,10
349,60.4,0.0,0.0,342.5,30.6,16.0,22.3,2021-11-01,2021,11
350,61.0,0.0,0.0,344.7,31.0,16.0,22.3,2021-11-02,2021,11
351,70.1,6.0,37.1,113.6,32.0,16.0,25.0,2021-11-03,2021,11
352,65.5,4.0,0.0,131.5,32.0,17.0,13.0,2021-11-04,2021,11
353,69.6,0.0,0.0,135.1,32.0,17.0,25.9,2021-11-05,2021,11
354,70.5,0.0,0.0,103.9,28.0,17.0,25.9,2021-11-06,2021,11
355,68.7,0.0,0.0,105.7,30.0,18.0,25.9,2021-11-07,2021,11
356,63.7,0.0,0.0,95.7,31.0,17.0,24.1,2021-11-08,2021,11
357,65.3,0.0,0.0,107.0,32.0,15.0,26.8,2021-11-09,2021,11
358,66.5,0.0,0.0,104.5,33.0,18.0,21.4,2021-11-10,2021,11
359,59.1,0.0,0.0,118.2,32.0,18.0,18.4,2021-11-11,2021,11
360,64.3,0.0,0.0,105.0,30.0,16.0,22.3,2021-11-12,2021,11
361,61.7,0.0,0.0,97.9,32.0,17.0,31.4,2021-11-13,2021,11
362,62.7,0.0,0.0,83.7,32.0,16.0,18.4,2021-11-14,2021,11
363,62.7,17.0,0.0,73.1,31.0,17.0,18.4,2021-11-15,2021,11
364,65.3,4.0,0.0,105.4,30.0,16.0,24.1,2021-11-16,2021,11
365,63.6,0.0,0.0,104.7,31.0,16.0,27.7,2021-11-17,2021,11
366,61.5,0.0,35.3,104.9,28.0,14.0,27.7,2021-11-18,2021,11
367,64.8,0.0,0.0,110.1,30.0,12.0,27.7,2021-11-19,2021,11
368,67.3,0.0,0.0,103.2,30.0,15.2,25.9,2021-11-20,2021,11
369,62.8,0.0,0.0,106.7,30.3,18.0,25.9,2021-11-21,2021,11
370,60.2,0.0,0.0,108.6,30.0,18.0,22.3,2021-11-22,2021,11
371,61.9,2.0,0.0,359.0,30.0,17.0,18.4,2021-11-23,2021,11
372,68.7,2.0,40.7,299.7,32.0,19.0,29.5,2021-11-24,2021,11
373,75.5,23.0,0.0,139.4,31.0,18.0,20.3,2021-11-25,2021,11
374,79.5,13.0,0.0,122.8,27.2,17.0,25.0,2021-11-26,2021,11
375,80.2,35.0,0.0,75.7,29.5,17.0,22.3,2021-11-27,2021,11
376,79.5,7.0,0.0,113.3,27.0,17.9,27.7,2021-11-28,2021,11
377,74.2,0.0,0.0,104.5,27.0,17.0,21.4,2021-11-29,2021,11
378,74.8,0.8,0.0,97.9,28.0,17.0,24.1,2021-11-30,2021,11
379,73.2,5.2,0.0,97.1,28.0,16.0,25.9,2021-12-01,2021,12
380,75.8,0.0,0.0,117.8,24.0,16.0,27.7,2021-12-02,2021,12
381,66.9,0.0,0.0,115.6,27.0,14.0,25.9,2021-12-03,2021,12
382,70.0,0.0,0.0,111.2,27.0,17.0,24.1,2021-12-04,2021,12
383,68.2,0.0,0.0,103.3,29.0,15.0,24.1,2021-12-05,2021,12
384,66.1,0.0,0.0,107.0,28.5,15.0,25.9,2021-12-06,2021,12
385,68.0,0.0,42.5,111.5,27.0,14.0,24.1,2021-12-07,2021,12
386,68.0,0.0,0.0,120.4,27.9,12.0,27.7,2021-12-08,2021,12
387,64.9,0.0,0.0,115.7,28.0,15.0,19.5,2021-12-09,2021,12
388,63.6,0.0,0.0,106.3,29.0,14.0,25.9,2021-12-10,2021,12
389,70.1,0.0,0.0,110.5,26.0,14.0,28.6,2021-12-11,2021,12
390,63.9,0.0,0.0,118.4,27.0,17.0,25.9,2021-12-12,2021,12
391,70.1,0.0,0.0,114.8,28.1,15.0,33.5,2021-12-13,2021,12
392,64.9,0.0,0.0,118.0,28.0,16.0,24.1,2021-12-14,2021,12
393,64.1,0.0,0.0,112.9,29.0,15.0,25.9,2021-12-15,2021,12
394,72.0,0.0,0.0,110.6,29.0,15.0,30.5,2021-12-16,2021,12
395,65.4,0.0,0.0,248.8,31.0,15.0,16.6,2021-12-17,2021,12
396,72.0,4.0,0.0,280.9,31.0,17.0,27.7,2021-12-18,2021,12
397,65.5,0.0,0.0,282.6,32.0,18.0,27.7,2021-12-19,2021,12
398,77.0,36.0,0.0,67.6,30.0,18.0,16.6,2021-12-20,2021,12
399,82.7,23.0,0.0,14.1,30.3,18.0,20.5,2021-12-21,2021,12
400,77.7,0.3,0.0,350.4,30.3,18.0,20.5,2021-12-22,2021,12
401,67.6,0.0,0.0,300.9,30.0,18.0,28.9,2021-12-23,2021,12
402,72.1,3.0,0.0,305.7,32.0,17.0,25.9,2021-12-24,2021,12
403,68.2,0.1,0.0,247.0,33.0,19.0,22.3,2021-12-25,2021,12
404,77.9,60.0,53.6,106.7,31.0,17.0,33.5,2021-12-26,2021,12
405,81.7,10.0,0.0,112.5,29.3,18.0,18.4,2021-12-27,2021,12
406,87.5,78.0,0.0,186.6,29.0,19.0,25.0,2021-12-28,2021,12
407,81.7,0.8,0.0,110.9,27.3,18.0,27.7,2021-12-29,2021,12
408,77.2,42.0,0.0,90.7,29.0,18.0,22.3,2021-12-30,2021,12
409,79.5,1.0,0.0,14.3,28.0,18.0,18.4,2021-12-31,2021,12
410,83.1,28.8,0.0,336.1,29.0,18.0,34.1,2022-01-01,2022,1
411,79.1,3.0,0.0,185.4,30.0,18.0,21.4,2022-01-02,2022,1
412,80.0,0.8,0.0,94.1,29.3,18.9,29.5,2022-01-03,2022,1
413,84.9,14.2,0.0,71.0,28.0,19.0,18.4,2022-01-04,2022,1
414,87.4,17.0,0.0,59.7,27.0,18.0,20.3,2022-01-05,2022,1
415,83.5,19.0,0.0,294.5,27.0,17.9,18.4,2022-01-06,2022,1
416,77.1,0.0,0.0,138.5,29.0,17.4,22.3,2022-01-07,2022,1
417,76.1,0.2,29.5,124.2,28.0,18.0,24.1,2022-01-08,2022,1
418,77.9,0.0,0.0,136.0,25.0,18.0,23.1,2022-01-09,2022,1
419,86.0,5.7,24.1,125.2,28.0,17.0,26.8,2022-01-10,2022,1
420,76.7,16.6,16.9,84.6,29.2,17.0,22.3,2022-01-11,2022,1
421,88.1,62.0,29.2,285.6,27.0,17.2,25.9,2022-01-12,2022,1
422,85.1,3.0,42.8,287.0,26.2,17.2,22.7,2022-01-13,2022,1
423,79.4,0.0,29.2,299.6,27.0,16.1,25.9,2022-01-14,2022,1
424,88.0,11.5,24.8,303.1,27.0,18.0,16.6,2022-01-15,2022,1
425,88.8,31.2,22.7,343.2,24.8,17.0,13.0,2022-01-16,2022,1
426,81.9,0.1,33.5,330.6,28.1,18.0,18.4,2022-01-17,2022,1
427,93.3,107.0,33.1,332.4,26.0,17.0,22.3,2022-01-18,2022,1
428,94.4,15.0,24.5,344.4,22.0,18.0,22.6,2022-01-19,2022,1
429,93.1,10.0,34.9,142.9,22.0,17.0,20.3,2022-01-20,2022,1
430,80.1,0.7,34.2,147.0,24.0,16.0,20.5,2022-01-21,2022,1
431,93.4,16.0,54.7,177.0,21.0,18.0,20.5,2022-01-22,2022,1
432,91.3,103.0,72.7,110.0,24.0,18.8,39.9,2022-01-23,2022,1
433,90.6,12.0,50.4,117.9,23.0,18.9,36.2,2022-01-24,2022,1
434,90.8,7.5,35.6,143.6,21.0,17.0,14.8,2022-01-25,2022,1
435,77.7,0.1,32.0,137.3,27.0,16.0,24.1,2022-01-26,2022,1
436,70.8,0.0,33.1,122.8,26.0,14.0,20.5,2022-01-27,2022,1
437,68.4,0.0,31.3,111.3,28.0,15.4,22.3,2022-01-28,2022,1
438,71.8,0.0,23.4,93.5,30.0,16.0,20.5,2022-01-29,2022,1
439,67.7,0.0,57.6,117.5,30.0,16.2,21.4,2022-01-30,2022,1
440,66.2,0.0,36.0,132.1,28.0,15.0,22.3,2022-01-31,2022,1
441,69.7,0.0,36.4,133.3,25.8,18.0,25.9,2022-02-01,2022,2
442,68.5,0.0,26.3,141.6,27.0,15.0,21.4,2022-02-02,2022,2
443,57.9,0.0,36.0,164.9,30.0,16.0,18.4,2022-02-03,2022,2
444,64.4,0.0,49.7,195.5,28.0,19.0,31.7,2022-02-04,2022,2
445,83.8,1.1,61.2,281.9,23.0,18.9,37.1,2022-02-05,2022,2
446,82.7,16.7,62.3,333.9,26.0,18.0,33.5,2022-02-06,2022,2
447,74.4,0.0,33.5,333.8,27.0,19.0,22.3,2022-02-07,2022,2
448,76.0,0.0,19.4,312.4,29.0,18.0,18.4,2022-02-08,2022,2
449,82.2,0.8,29.9,74.7,30.0,19.0,37.1,2022-02-09,2022,2
450,75.8,3.0,30.6,101.7,29.0,18.0,20.5,2022-02-10,2022,2
451,69.4,0.0,29.5,121.3,28.0,18.1,22.3,2022-02-11,2022,2
452,70.8,0.0,28.8,130.1,27.0,16.2,24.1,2022-02-12,2022,2
453,80.6,11.0,25.9,142.7,29.0,15.0,13.0,2022-02-13,2022,2
454,76.0,0.0,27.0,126.3,28.0,16.9,22.3,2022-02-14,2022,2
455,79.9,0.1,45.7,154.9,27.0,18.0,25.0,2022-02-15,2022,2
456,86.5,23.0,46.4,133.8,25.0,17.0,37.1,2022-02-16,2022,2
457,74.9,1.0,36.0,132.5,26.0,17.0,24.1,2022-02-17,2022,2
458,73.8,0.0,34.6,139.4,27.0,16.0,25.0,2022-02-18,2022,2
459,72.7,0.0,31.7,138.4,27.0,15.0,22.3,2022-02-19,2022,2
460,65.5,0.0,36.4,153.4,29.0,15.0,24.1,2022-02-20,2022,2
461,73.5,0.4,49.0,182.9,27.0,17.0,25.9,2022-02-21,2022,2
462,84.4,5.0,60.1,279.9,21.3,17.0,28.6,2022-02-22,2022,2
463,90.1,9.0,50.0,317.7,26.0,18.0,29.5,2022-02-23,2022,2
464,90.5,5.6,34.6,327.8,27.7,17.7,18.4,2022-02-24,2022,2
465,85.8,10.0,23.8,301.2,28.0,18.0,18.4,2022-02-25,2022,2
466,86.6,8.0,14.8,24.8,26.0,18.0,16.6,2022-02-26,2022,2
467,84.4,4.0,29.2,88.9,27.0,18.9,19.5,2022-02-27,2022,2
468,84.7,31.0,14.8,72.7,28.3,18.0,22.3,2022-02-28,2022,2
469,85.8,42.0,19.4,7.7,29.0,17.0,22.3,2022-03-01,2022,3
470,85.0,7.0,19.1,15.7,29.0,17.0,15.7,2022-03-02,2022,3
471,86.3,17.0,23.4,54.6,30.0,19.0,14.8,2022-03-03,2022,3
472,77.3,0.3,23.0,124.0,28.0,19.0,20.5,2022-03-04,2022,3
473,73.6,0.0,32.0,138.3,27.5,17.0,24.1,2022-03-05,2022,3
474,74.4,0.2,34.2,145.6,28.0,18.0,25.9,2022-03-06,2022,3
475,75.4,0.0,28.8,145.1,27.0,17.0,25.9,2022-03-07,2022,3
476,77.6,0.0,40.0,162.7,24.2,18.0,24.1,2022-03-08,2022,3
477,79.7,0.7,34.6,116.8,28.0,19.0,24.1,2022-03-09,2022,3
478,77.2,0.9,28.4,110.7,28.3,19.0,19.5,2022-03-10,2022,3
479,80.7,0.4,29.5,109.8,27.0,19.0,26.8,2022-03-11,2022,3
480,77.2,2.0,31.3,140.8,26.0,18.0,26.7,2022-03-12,2022,3
481,74.5,0.0,29.9,139.1,26.5,17.0,20.5,2022-03-13,2022,3
482,77.6,0.3,29.5,138.1,28.0,16.0,20.5,2022-03-14,2022,3
483,80.6,0.5,22.7,111.8,28.0,17.3,22.0,2022-03-15,2022,3
484,79.1,1.0,15.1,91.7,27.7,19.0,16.6,2022-03-16,2022,3
485,79.0,0.1,26.6,96.0,29.0,19.3,22.3,2022-03-17,2022,3
486,86.3,7.0,27.4,321.9,29.0,18.0,21.3,2022-03-18,2022,3
487,87.9,6.0,28.1,118.6,28.0,17.3,18.4,2022-03-19,2022,3
488,81.3,0.0,24.8,127.0,23.0,17.0,25.9,2022-03-20,2022,3
489,82.7,0.0,24.1,114.2,22.5,17.0,18.4,2022-03-21,2022,3
490,76.7,0.0,26.3,111.0,27.0,15.0,25.9,2022-03-22,2022,3
491,79.5,0.5,19.1,105.4,27.0,17.0,22.3,2022-03-23,2022,3
492,83.0,4.0,21.2,84.2,29.0,17.0,22.3,2022-03-24,2022,3
493,81.5,38.0,15.1,33.3,31.0,17.5,18.4,2022-03-25,2022,3
494,82.6,0.0,11.9,75.9,29.0,18.0,16.6,2022-03-26,2022,3
495,82.2,6.0,13.0,14.0,29.0,19.0,13.9,2022-03-27,2022,3
496,83.9,15.0,29.2,93.1,29.0,18.0,18.4,2022-03-28,2022,3
497,76.6,0.9,31.0,143.6,25.1,17.3,24.1,2022-03-29,2022,3
498,78.3,0.0,42.5,142.8,24.0,16.0,27.7,2022-03-30,2022,3
499,78.9,0.0,45.7,146.4,23.0,15.0,27.7,2022-03-31,2022,3
500,74.5,0.0,32.0,135.2,24.0,14.3,22.3,2022-04-01,2022,4
501,71.3,0.0,28.8,130.7,26.0,14.0,21.4,2022-04-02,2022,4
502,74.0,13.0,22.0,136.2,29.0,12.9,24.1,2022-04-03,2022,4
503,75.9,0.2,16.9,119.8,28.0,14.6,13.0,2022-04-04,2022,4
504,74.9,21.0,10.8,79.1,28.7,16.9,20.5,2022-04-05,2022,4
505,76.8,0.3,21.2,94.7,28.0,17.0,20.5,2022-04-06,2022,4
506,76.3,0.0,18.4,112.1,28.0,18.0,18.4,2022-04-07,2022,4
507,77.1,0.0,24.8,115.8,28.0,18.0,18.4,2022-04-08,2022,4
508,75.8,0.0,33.1,127.9,26.0,16.2,25.9,2022-04-09,2022,4
509,76.0,0.1,33.8,141.8,25.0,16.0,24.1,2022-04-10,2022,4
510,77.6,0.0,44.6,145.6,24.0,14.0,27.8,2022-04-11,2022,4
511,75.6,0.0,38.2,140.7,24.0,14.4,28.6,2022-04-12,2022,4
512,84.4,0.4,34.9,137.8,22.9,15.0,25.9,2022-04-13,2022,4
513,86.6,0.5,36.0,137.0,23.6,17.0,29.5,2022-04-14,2022,4
514,81.6,0.0,29.2,131.2,26.0,17.0,28.6,2022-04-15,2022,4
515,84.3,4.0,31.0,136.6,24.0,18.0,22.3,2022-04-16,2022,4
516,75.2,0.0,30.2,138.1,26.0,16.0,18.4,2022-04-17,2022,4
517,79.9,0.0,30.6,117.8,27.0,15.0,22.3,2022-04-18,2022,4
518,75.6,0.0,29.5,99.2,28.0,16.0,18.4,2022-04-19,2022,4
519,80.7,0.0,29.9,142.7,25.2,17.0,20.5,2022-04-20,2022,4
520,83.2,0.5,36.4,139.7,25.0,18.3,25.9,2022-04-21,2022,4
521,86.0,3.0,32.8,119.7,24.0,17.0,24.1,2022-04-22,2022,4
522,82.6,0.1,32.8,118.5,26.1,18.0,25.9,2022-04-23,2022,4
523,84.4,0.1,34.2,121.2,23.0,16.0,25.8,2022-04-24,2022,4
524,82.1,0.0,25.9,121.1,22.0,14.0,24.1,2022-04-25,2022,4
525,82.5,0.0,13.0,96.9,25.1,13.3,16.6,2022-04-26,2022,4
526,78.3,0.0,24.5,279.0,26.3,16.2,25.9,2022-04-27,2022,4
527,76.0,0.0,24.1,131.6,23.8,16.0,20.5,2022-04-28,2022,4
528,71.9,0.0,32.4,129.6,24.0,14.0,18.4,2022-04-29,2022,4
529,72.0,0.0,11.5,38.3,27.0,15.0,16.6,2022-04-30,2022,4
530,72.2,0.0,22.7,304.1,28.0,14.5,17.4,2022-05-01,2022,5
531,76.8,0.0,30.2,128.9,26.0,17.0,18.4,2022-05-02,2022,5
532,79.1,0.0,27.4,123.4,25.0,15.4,20.5,2022-05-03,2022,5
533,78.2,0.0,29.9,132.3,22.0,16.0,27.7,2022-05-04,2022,5
534,73.2,0.0,27.4,134.3,23.4,13.2,24.1,2022-05-05,2022,5
535,84.7,0.5,28.4,126.4,23.0,14.0,22.3,2022-05-06,2022,5
536,87.5,2.0,24.5,124.9,23.8,17.0,13.8,2022-05-07,2022,5
537,82.6,0.1,22.3,75.7,27.0,17.0,16.6,2022-05-08,2022,5
538,76.5,0.0,19.4,327.5,28.6,17.0,14.8,2022-05-09,2022,5
539,70.6,0.0,40.7,300.0,26.0,12.0,29.5,2022-05-10,2022,5
540,71.5,0.0,32.4,88.6,26.0,8.0,18.4,2022-05-11,2022,5
541,73.4,0.0,31.0,112.4,25.0,13.0,20.5,2022-05-12,2022,5
542,80.5,0.0,29.2,116.6,23.0,12.0,20.3,2022-05-13,2022,5
543,75.5,0.0,30.6,118.8,24.0,12.3,18.4,2022-05-14,2022,5
544,73.1,0.0,24.8,122.3,24.0,13.0,18.4,2022-05-15,2022,5
545,65.9,0.0,26.6,137.0,23.4,14.0,20.5,2022-05-16,2022,5
546,77.9,0.0,46.4,150.8,21.0,14.0,29.5,2022-05-17,2022,5
547,68.8,0.0,36.4,148.1,22.0,13.0,22.3,2022-05-18,2022,5
548,76.6,0.0,25.9,130.1,21.0,11.5,20.5,2022-05-19,2022,5
549,76.1,0.0,23.4,134.1,23.0,11.5,18.4,2022-05-20,2022,5
550,72.1,0.0,30.2,124.4,25.0,13.0,20.5,2022-05-21,2022,5
551,82.3,0.0,35.6,111.6,23.0,10.8,20.5,2022-05-22,2022,5
552,78.1,0.0,24.8,109.6,23.0,13.0,20.3,2022-05-23,2022,5
553,78.6,0.0,27.4,108.6,24.0,10.5,16.6,2022-05-24,2022,5
554,75.8,0.0,25.6,68.5,27.0,11.0,11.2,2022-05-25,2022,5
555,76.9,0.0,8.3,313.5,27.0,13.0,11.2,2022-05-26,2022,5
556,76.0,0.0,29.9,120.2,26.0,12.0,20.5,2022-05-27,2022,5
557,77.3,0.0,34.6,130.4,21.4,14.1,22.3,2022-05-28,2022,5
558,73.7,0.0,32.4,132.0,22.0,13.0,27.7,2022-05-29,2022,5
559,74.3,0.0,30.6,126.4,21.0,11.0,18.4,2022-05-30,2022,5
560,77.7,0.0,23.4,121.5,21.0,7.5,20.5,2022-05-31,2022,5
561,69.5,0.0,9.0,264.6,23.0,9.0,12.1,2022-06-01,2022,6
562,73.3,0.0,37.8,140.6,23.0,7.0,20.5,2022-06-02,2022,6
563,77.7,0.0,36.0,148.7,19.0,12.0,24.1,2022-06-03,2022,6
564,73.6,0.0,37.1,145.3,21.0,13.0,27.7,2022-06-04,2022,6
565,84.0,0.0,29.2,132.1,19.8,12.0,20.3,2022-06-05,2022,6
566,83.4,0.0,32.4,136.2,22.0,12.0,21.4,2022-06-06,2022,6
567,79.7,0.2,34.9,140.6,22.0,14.0,24.1,2022-06-07,2022,6
568,77.5,0.0,30.6,125.9,22.0,12.0,22.3,2022-06-08,2022,6
569,81.8,0.2,25.9,123.7,21.0,12.0,22.3,2022-06-09,2022,6
570,74.1,0.0,25.6,119.4,23.0,12.0,17.7,2022-06-10,2022,6
571,79.4,0.0,32.4,126.4,21.0,9.5,22.3,2022-06-11,2022,6
572,77.1,0.0,29.9,142.4,20.0,11.0,22.3,2022-06-12,2022,6
573,78.3,0.0,38.5,144.0,20.0,10.0,23.2,2022-06-13,2022,6
574,79.5,0.0,26.3,139.6,23.0,13.0,20.5,2022-06-14,2022,6
575,84.1,0.0,20.9,109.7,22.0,14.0,20.3,2022-06-15,2022,6
576,84.3,0.2,21.6,12.4,22.0,14.0,18.4,2022-06-16,2022,6
577,81.2,0.0,27.0,114.3,22.0,9.8,18.4,2022-06-17,2022,6
578,77.0,0.0,24.5,125.9,24.0,12.6,20.3,2022-06-18,2022,6
579,77.5,0.0,31.0,123.4,22.6,13.0,22.3,2022-06-19,2022,6
580,75.1,0.0,32.4,140.3,22.0,13.0,20.5,2022-06-20,2022,6
581,73.4,0.0,32.0,136.7,19.0,9.1,22.3,2022-06-21,2022,6
582,69.9,0.0,32.0,142.1,18.0,9.0,24.1,2022-06-22,2022,6
583,84.7,0.0,43.9,152.4,17.0,6.0,27.7,2022-06-23,2022,6
584,78.8,0.2,37.4,140.3,19.0,10.0,25.9,2022-06-24,2022,6
585,85.8,0.0,23.0,126.3,18.0,7.0,18.4,2022-06-25,2022,6
586,77.0,0.0,33.5,134.2,22.0,9.0,24.1,2022-06-26,2022,6
587,80.4,0.0,39.6,150.2,20.0,10.0,24.1,2022-06-27,2022,6
588,70.6,0.0,63.0,151.1,16.0,10.9,39.8,2022-06-28,2022,6
589,73.7,0.0,47.9,149.5,18.0,10.0,31.7,2022-06-29,2022,6
590,76.4,0.0,31.3,144.5,19.1,11.2,21.4,2022-06-30,2022,6
591,69.8,0.0,48.2,148.3,19.0,10.0,28.6,2022-07-01,2022,7
592,73.5,0.0,51.1,156.4,17.0,9.0,29.5,2022-07-02,2022,7
593,77.3,0.0,43.6,156.7,18.0,11.0,22.3,2022-07-03,2022,7
594,77.2,0.0,36.7,147.0,19.3,9.0,28.6,2022-07-04,2022,7
595,83.6,0.6,33.1,128.8,20.7,9.0,29.5,2022-07-05,2022,7
596,78.1,0.0,27.4,109.3,23.0,6.0,20.5,2022-07-06,2022,7
597,75.5,0.0,33.5,141.2,21.0,5.0,20.5,2022-07-07,2022,7
598,75.2,0.0,40.7,148.1,20.1,12.0,26.8,2022-07-08,2022,7
599,77.8,0.0,43.2,147.9,18.0,11.0,25.9,2022-07-09,2022,7
600,80.3,0.0,47.5,141.6,18.0,11.0,29.5,2022-07-10,2022,7
601,79.9,0.0,42.5,135.1,18.3,10.0,25.9,2022-07-11,2022,7
602,82.3,0.2,31.0,132.4,20.0,10.0,22.3,2022-07-12,2022,7
603,75.9,0.0,27.0,131.5,22.0,13.0,25.9,2022-07-13,2022,7
604,74.3,0.0,30.6,129.0,21.0,12.0,20.3,2022-07-14,2022,7
605,76.1,0.0,27.0,124.8,21.0,8.9,21.4,2022-07-15,2022,7
606,82.0,0.0,34.2,143.6,19.0,10.0,20.5,2022-07-16,2022,7
607,75.2,0.0,55.4,158.3,18.0,11.0,33.5,2022-07-17,2022,7
608,83.2,0.3,51.8,150.1,19.0,11.0,25.9,2022-07-18,2022,7
609,79.7,0.0,48.2,139.5,19.0,11.0,36.2,2022-07-19,2022,7
610,84.7,0.6,43.9,139.9,17.7,11.0,24.1,2022-07-20,2022,7
611,83.5,0.6,37.8,126.8,18.0,10.0,25.9,2022-07-21,2022,7
612,87.5,0.2,29.2,137.5,18.0,9.0,25.9,2022-07-22,2022,7
613,87.3,0.1,29.2,129.5,18.0,10.0,20.5,2022-07-23,2022,7
614,81.3,0.0,21.2,121.0,21.0,10.0,18.4,2022-07-24,2022,7
615,81.1,0.0,25.9,102.9,21.0,7.9,24.1,2022-07-25,2022,7
616,78.7,0.0,32.4,114.3,23.3,9.0,22.3,2022-07-26,2022,7
617,73.6,0.0,31.0,117.4,22.0,11.0,16.6,2022-07-27,2022,7
618,75.4,0.0,33.8,119.1,24.0,8.0,20.5,2022-07-28,2022,7
619,82.5,0.5,29.5,119.7,20.0,13.0,20.5,2022-07-29,2022,7
620,79.6,0.0,29.5,117.9,20.0,12.0,25.9,2022-07-30,2022,7
621,76.0,0.0,34.2,106.5,22.0,12.0,18.4,2022-07-31,2022,7
622,80.2,0.0,35.3,115.5,22.0,9.0,20.3,2022-08-01,2022,8
623,74.5,0.0,44.6,136.1,21.0,11.0,25.9,2022-08-02,2022,8
624,74.1,0.0,30.6,129.3,19.2,12.0,22.0,2022-08-03,2022,8
625,76.4,0.5,28.4,122.6,20.0,11.0,27.7,2022-08-04,2022,8
626,78.0,0.0,33.1,128.2,22.0,7.0,16.6,2022-08-05,2022,8
627,74.9,0.0,30.2,107.6,24.0,9.0,20.5,2022-08-06,2022,8
628,72.3,0.0,34.2,120.4,22.0,8.0,22.3,2022-08-07,2022,8
629,76.5,0.0,34.9,122.3,21.0,8.0,23.2,2022-08-08,2022,8
630,78.7,0.0,29.5,126.7,20.0,8.0,28.6,2022-08-09,2022,8
631,76.9,0.1,36.7,130.3,20.0,9.0,29.5,2022-08-10,2022,8
632,70.2,0.0,38.5,142.3,19.0,10.0,31.7,2022-08-11,2022,8
633,78.9,0.3,35.3,140.2,22.0,12.0,25.0,2022-08-12,2022,8
634,81.1,0.1,26.6,115.6,21.0,8.5,29.5,2022-08-13,2022,8
635,74.4,0.0,31.7,106.5,21.0,9.0,24.1,2022-08-14,2022,8
636,78.0,0.0,28.4,111.6,21.0,10.0,20.5,2022-08-15,2022,8
637,72.8,0.0,31.3,132.1,27.0,12.0,19.5,2022-08-16,2022,8
638,70.1,0.0,37.1,115.0,26.0,10.0,22.3,2022-08-17,2022,8
639,67.6,0.0,31.7,102.8,26.0,11.0,18.4,2022-08-18,2022,8
640,70.5,0.0,29.9,100.4,24.0,11.0,21.4,2022-08-19,2022,8
641,69.6,0.0,15.1,58.3,25.0,9.0,14.8,2022-08-20,2022,8
642,73.1,0.0,34.9,124.2,27.0,10.0,27.7,2022-08-21,2022,8
643,70.8,0.0,38.2,136.6,20.7,11.0,25.9,2022-08-22,2022,8
644,74.9,0.0,34.2,129.2,23.0,8.0,25.9,2022-08-23,2022,8
645,76.1,0.0,37.8,131.4,19.2,10.0,31.7,2022-08-24,2022,8
646,79.0,0.3,33.8,132.0,19.0,11.0,27.7,2022-08-25,2022,8
647,74.0,0.0,34.9,133.8,21.0,11.0,24.1,2022-08-26,2022,8
648,79.7,0.0,30.6,127.8,20.0,7.0,22.3,2022-08-27,2022,8
649,74.4,0.0,24.1,109.7,21.0,8.0,16.6,2022-08-28,2022,8
650,75.6,0.0,33.8,110.2,27.0,8.0,22.3,2022-08-29,2022,8
651,68.1,0.0,27.0,95.2,27.0,13.9,14.8,2022-08-30,2022,8
652,60.9,0.0,39.2,276.2,28.0,13.0,22.3,2022-08-31,2022,8
653,68.5,0.0,35.6,109.9,24.0,8.0,24.1,2022-09-01,2022,9
654,70.4,0.0,31.7,127.8,22.0,9.8,25.9,2022-09-02,2022,9
655,69.9,0.0,27.0,124.0,23.0,11.0,22.3,2022-09-03,2022,9
656,71.2,0.0,29.5,122.2,21.0,9.0,33.5,2022-09-04,2022,9
657,83.1,0.4,30.2,139.8,18.0,11.2,24.1,2022-09-05,2022,9
658,82.2,0.1,27.4,125.9,20.0,12.0,20.5,2022-09-06,2022,9
659,69.3,0.0,32.8,117.3,24.0,11.3,16.6,2022-09-07,2022,9
660,68.5,0.0,35.3,127.8,23.0,9.0,21.1,2022-09-08,2022,9
661,68.0,0.0,34.9,118.4,22.0,11.0,24.1,2022-09-09,2022,9
662,69.1,0.0,33.1,119.9,24.0,9.0,24.1,2022-09-10,2022,9
663,74.2,0.0,36.4,111.1,24.0,11.0,22.3,2022-09-11,2022,9
664,69.8,0.0,35.3,107.3,23.0,8.0,20.5,2022-09-12,2022,9
665,68.8,0.0,33.8,108.9,27.0,7.0,20.5,2022-09-13,2022,9
666,74.6,0.0,35.3,124.7,22.0,11.0,27.7,2022-09-14,2022,9
667,72.6,0.0,35.3,143.6,20.0,9.0,27.7,2022-09-15,2022,9
668,70.2,0.0,37.4,126.3,22.0,10.0,29.5,2022-09-16,2022,9
669,72.8,0.0,33.5,116.8,23.0,10.0,25.9,2022-09-17,2022,9
670,67.2,0.0,31.7,113.1,24.0,12.0,22.3,2022-09-18,2022,9
671,70.7,0.0,32.0,110.3,23.0,12.0,24.1,2022-09-19,2022,9
672,72.2,0.0,36.4,127.7,24.0,12.0,29.5,2022-09-20,2022,9
673,66.7,0.0,31.0,130.1,21.4,12.0,29.5,2022-09-21,2022,9
674,77.4,0.0,31.7,121.7,22.0,13.0,30.5,2022-09-22,2022,9
675,67.1,0.0,33.8,108.1,24.0,11.4,25.0,2022-09-23,2022,9
676,71.9,0.0,31.0,99.0,25.0,11.0,25.9,2022-09-24,2022,9
677,69.3,0.0,30.6,115.8,25.0,12.5,29.5,2022-09-25,2022,9
678,70.6,0.0,28.1,130.7,22.5,13.0,28.6,2022-09-26,2022,9
679,61.5,0.0,37.4,118.2,25.0,11.0,23.2,2022-09-27,2022,9
680,67.5,0.0,35.6,118.2,24.0,8.0,24.1,2022-09-28,2022,9
681,67.0,0.0,30.6,132.1,23.0,9.0,24.1,2022-09-29,2022,9
682,66.6,0.0,28.1,109.1,26.0,8.0,20.5,2022-09-30,2022,9
683,68.9,0.0,34.6,102.8,27.0,10.0,24.1,2022-10-01,2022,10
684,64.8,0.0,33.8,108.5,28.0,10.0,21.4,2022-10-02,2022,10
685,62.3,0.0,36.0,96.6,30.0,10.0,22.3,2022-10-03,2022,10
686,56.9,0.0,36.7,106.9,30.0,10.0,22.3,2022-10-04,2022,10
687,59.3,0.0,38.2,111.1,30.0,9.6,22.3,2022-10-05,2022,10
688,64.3,0.0,32.4,113.5,29.0,9.0,22.3,2022-10-06,2022,10
689,63.1,0.0,38.2,127.9,27.0,11.1,28.6,2022-10-07,2022,10
690,65.2,0.0,32.8,114.5,26.0,10.2,25.9,2022-10-08,2022,10
691,64.2,0.0,33.5,121.2,25.0,12.0,25.9,2022-10-09,2022,10
692,64.6,0.0,32.8,118.3,28.0,7.0,24.1,2022-10-10,2022,10
693,56.7,0.0,40.3,111.5,29.0,7.0,25.9,2022-10-11,2022,10
694,63.9,0.0,51.8,106.5,26.0,9.0,32.6,2022-10-12,2022,10
695,66.9,0.0,36.0,121.1,26.0,10.0,29.5,2022-10-13,2022,10
696,64.9,0.0,34.9,129.5,24.1,12.0,31.4,2022-10-14,2022,10
697,66.2,0.0,37.4,115.2,24.3,10.0,22.3,2022-10-15,2022,10
698,64.4,0.0,34.9,105.8,28.0,10.1,22.3,2022-10-16,2022,10
699,65.1,0.0,36.7,116.1,28.0,13.0,25.0,2022-10-17,2022,10
700,62.6,0.0,34.9,111.5,27.0,11.0,24.1,2022-10-18,2022,10
701,63.5,0.0,40.7,115.7,27.0,12.0,24.1,2022-10-19,2022,10
702,65.4,0.0,30.6,118.9,26.0,14.0,24.1,2022-10-20,2022,10
703,67.4,0.0,30.6,112.8,25.0,14.0,22.3,2022-10-21,2022,10
704,62.7,0.1,31.3,105.4,30.0,12.0,20.5,2022-10-22,2022,10
705,66.7,1.1,28.1,127.1,30.0,14.0,24.1,2022-10-23,2022,10
706,68.9,10.0,29.5,62.8,30.0,14.0,22.3,2022-10-24,2022,10
707,74.3,0.3,40.7,43.3,30.0,14.0,24.1,2022-10-25,2022,10
708,64.2,0.0,22.7,94.4,30.0,16.0,24.1,2022-10-26,2022,10
709,66.3,0.2,26.3,98.3,31.0,16.0,22.3,2022-10-27,2022,10
710,73.4,0.7,23.8,104.6,30.0,16.0,22.3,2022-10-28,2022,10
711,79.1,16.0,40.0,75.9,30.0,16.0,23.2,2022-10-29,2022,10
712,80.7,0.3,28.1,114.7,24.0,16.0,22.3,2022-10-30,2022,10
713,72.0,0.0,25.2,104.6,25.0,13.0,21.4,2022-10-31,2022,10
714,69.8,0.0,32.0,104.4,27.0,13.0,20.5,2022-11-01,2022,11
715,62.9,0.0,20.5,102.2,28.0,15.0,21.4,2022-11-02,2022,11
716,79.2,6.0,17.6,42.4,31.0,15.0,18.4,2022-11-03,2022,11
717,85.8,25.0,27.4,35.5,30.0,16.5,22.3,2022-11-04,2022,11
718,71.0,2.0,32.0,104.4,28.0,17.0,24.1,2022-11-05,2022,11
719,70.2,0.0,27.4,110.5,28.6,15.0,20.5,2022-11-06,2022,11
720,70.3,0.0,28.1,93.3,28.0,16.0,20.5,2022-11-07,2022,11
721,67.8,1.0,25.2,115.0,29.0,17.0,20.5,2022-11-08,2022,11
722,71.4,0.6,22.7,90.8,28.3,13.0,18.4,2022-11-09,2022,11
723,71.0,0.0,22.0,108.1,30.0,15.0,24.1,2022-11-10,2022,11
724,67.6,0.3,29.2,106.9,30.0,14.0,22.3,2022-11-11,2022,11
725,66.3,0.0,30.6,119.0,30.0,15.0,22.3,2022-11-12,2022,11
726,63.0,0.0,31.0,123.3,29.0,16.0,25.9,2022-11-13,2022,11
727,65.4,0.0,29.9,124.7,30.0,15.0,20.5,2022-11-14,2022,11
728,66.8,0.0,24.8,111.9,28.0,17.0,25.9,2022-11-15,2022,11
729,73.2,2.0,26.3,41.2,30.0,16.0,37.1,2022-11-16,2022,11
730,87.0,29.0,26.6,355.1,27.4,15.0,31.7,2022-11-17,2022,11
731,73.3,6.0,11.9,342.1,30.0,15.0,18.4,2022-11-18,2022,11
732,76.7,0.4,15.8,4.4,31.0,16.0,15.7,2022-11-19,2022,11
733,73.9,0.1,42.5,296.8,30.0,19.0,24.1,2022-11-20,2022,11
734,63.7,0.0,28.4,278.8,29.0,18.0,24.1,2022-11-21,2022,11
735,74.4,0.2,25.9,89.0,28.0,17.0,20.5,2022-11-22,2022,11
736,75.5,0.0,33.5,100.9,27.0,15.0,24.1,2022-11-23,2022,11
737,70.6,0.0,33.1,110.1,27.2,16.0,25.9,2022-11-24,2022,11
738,71.1,0.0,32.0,102.4,27.0,13.0,24.1,2022-11-25,2022,11
739,66.2,0.0,28.8,115.8,27.3,14.0,25.9,2022-11-26,2022,11
740,65.6,0.0,30.2,107.4,27.3,12.0,20.5,2022-11-27,2022,11
741,63.1,0.0,22.7,121.9,30.2,13.0,20.5,2022-11-28,2022,11
742,72.0,3.0,48.2,91.5,30.0,16.0,25.9,2022-11-29,2022,11
743,81.5,17.0,24.1,87.9,29.0,16.0,24.1,2022-11-30,2022,11
744,76.9,0.1,18.0,77.7,29.0,16.0,22.3,2022-12-01,2022,12
745,70.4,0.1,25.9,73.4,30.0,18.0,20.5,2022-12-02,2022,12
746,75.1,1.0,53.6,129.3,31.0,18.0,33.5,2022-12-03,2022,12
747,79.7,97.0,28.4,148.4,28.0,16.1,22.3,2022-12-04,2022,12
748,74.5,3.0,36.0,107.6,28.0,16.0,26.7,2022-12-05,2022,12
749,68.7,0.0,29.9,123.3,26.0,16.0,25.9,2022-12-06,2022,12
750,67.3,0.0,38.9,127.3,27.0,16.0,23.2,2022-12-07,2022,12
751,70.7,0.0,34.9,133.8,25.0,17.0,25.0,2022-12-08,2022,12
752,74.5,0.0,32.4,146.2,26.0,14.0,29.5,2022-12-09,2022,12
753,75.6,0.7,28.8,124.4,27.0,17.0,24.1,2022-12-10,2022,12
754,70.0,0.0,32.4,111.8,28.2,15.0,25.0,2022-12-11,2022,12
755,73.6,0.0,33.8,115.6,26.0,18.0,24.1,2022-12-12,2022,12
756,76.9,0.7,32.0,125.0,26.0,17.0,31.7,2022-12-13,2022,12
757,79.3,1.7,28.4,120.5,26.0,16.0,21.4,2022-12-14,2022,12
758,81.0,42.0,28.1,94.6,28.0,15.0,22.2,2022-12-15,2022,12
759,83.3,23.0,24.1,89.5,27.0,16.0,16.1,2022-12-16,2022,12
760,82.0,2.0,40.7,32.4,28.0,16.0,20.5,2022-12-17,2022,12
761,84.2,0.9,17.3,35.1,27.0,16.0,14.8,2022-12-18,2022,12
762,85.0,13.0,11.2,36.1,28.0,16.0,27.7,2022-12-19,2022,12
763,88.5,0.7,23.8,338.4,27.3,18.0,24.1,2022-12-20,2022,12
764,84.7,1.5,29.5,288.4,27.0,18.0,33.5,2022-12-21,2022,12
765,82.4,4.5,29.5,290.7,28.0,17.0,27.7,2022-12-22,2022,12
766,77.1,0.4,19.1,329.6,27.3,15.0,22.3,2022-12-23,2022,12
767,83.7,1.0,25.2,81.2,27.0,18.0,18.4,2022-12-24,2022,12
768,86.5,6.0,28.1,81.6,27.0,17.0,22.3,2022-12-25,2022,12
769,82.9,11.1,30.2,96.2,28.0,17.0,21.4,2022-12-26,2022,12
770,76.0,0.4,29.5,118.8,27.0,17.0,25.0,2022-12-27,2022,12
771,73.5,0.1,23.4,101.5,26.0,17.0,21.4,2022-12-28,2022,12
772,68.9,0.0,31.0,111.4,28.0,16.0,24.1,2022-12-29,2022,12
773,73.2,9.0,25.9,122.9,29.5,16.0,16.6,2022-12-30,2022,12
774,68.0,0.0,21.2,115.6,29.4,16.0,18.4,2022-12-31,2022,12
775,73.6,7.0,23.0,57.8,28.0,17.0,20.4,2023-01-01,2023,1
776,86.1,22.0,30.6,69.1,28.0,17.0,13.0,2023-01-02,2023,1
777,73.9,0.0,34.6,87.3,28.0,17.0,19.5,2023-01-03,2023,1
778,76.6,10.0,33.8,78.3,27.0,17.0,18.4,2023-01-04,2023,1
779,72.7,10.0,36.4,117.2,26.3,15.0,20.3,2023-01-05,2023,1
780,74.5,0.0,31.0,113.3,26.3,15.0,20.5,2023-01-06,2023,1
781,69.3,0.0,30.2,101.9,28.6,17.0,20.5,2023-01-07,2023,1
782,68.8,0.0,26.3,108.3,28.0,18.0,14.8,2023-01-08,2023,1
783,74.7,2.0,28.8,83.8,29.2,18.0,21.4,2023-01-09,2023,1
784,82.8,3.0,12.6,33.9,27.0,18.0,19.5,2023-01-10,2023,1
785,89.3,55.0,24.1,255.3,29.0,17.0,18.4,2023-01-11,2023,1
786,86.8,21.5,26.3,107.2,25.0,17.9,18.4,2023-01-12,2023,1
787,83.6,2.1,32.4,103.6,28.0,18.0,16.6,2023-01-13,2023,1
788,82.1,7.9,32.4,126.0,25.0,17.0,22.3,2023-01-14,2023,1
789,86.8,0.5,35.3,133.8,24.0,18.0,23.1,2023-01-15,2023,1
790,83.2,0.6,33.1,135.0,26.0,16.0,24.1,2023-01-16,2023,1
791,79.2,0.1,42.5,138.6,25.0,17.0,27.7,2023-01-17,2023,1
792,74.0,0.0,51.8,155.5,25.0,16.0,29.5,2023-01-18,2023,1
793,89.4,11.2,67.0,165.0,21.0,17.0,24.1,2023-01-19,2023,1
794,94.2,3.2,54.7,141.5,22.0,18.0,29.5,2023-01-20,2023,1
795,99.6,0.3,46.4,57.9,20.0,16.6,27.7,2023-01-21,2023,1
796,99.7,0.2,38.5,22.0,20.0,17.0,25.9,2023-01-22,2023,1
797,96.5,30.0,44.3,7.0,22.0,17.0,20.5,2023-01-23,2023,1
798,93.4,43.0,39.2,20.3,24.0,17.0,20.5,2023-01-24,2023,1
799,92.0,22.0,37.8,13.4,23.1,17.0,22.3,2023-01-25,2023,1
800,96.5,35.0,49.0,31.5,20.9,17.2,22.3,2023-01-26,2023,1
801,96.3,5.0,47.9,8.5,22.0,18.0,24.1,2023-01-27,2023,1
802,88.5,12.0,40.7,313.2,28.0,18.0,24.1,2023-01-28,2023,1
803,83.9,0.0,32.8,285.8,27.0,17.0,24.1,2023-01-29,2023,1
804,80.6,11.0,25.6,29.7,31.0,17.0,16.6,2023-01-30,2023,1
805,80.6,0.0,38.2,128.0,29.0,18.0,22.3,2023-01-31,2023,1
806,81.5,3.0,32.8,130.3,28.0,17.0,25.9,2023-02-01,2023,2
807,82.8,4.0,28.8,126.1,26.0,18.0,21.4,2023-02-02,2023,2
808,76.1,0.0,34.2,152.8,27.0,16.0,20.5,2023-02-03,2023,2
809,82.6,24.0,61.2,138.8,28.0,18.0,37.1,2023-02-04,2023,2
810,85.1,24.0,32.0,127.0,27.0,17.0,22.3,2023-02-05,2023,2
811,82.6,0.0,33.1,116.5,26.0,18.0,22.3,2023-02-06,2023,2
812,81.3,4.0,37.4,106.8,26.0,18.0,29.5,2023-02-07,2023,2
813,79.7,0.1,31.3,119.8,26.3,18.0,25.0,2023-02-08,2023,2
814,81.1,0.0,33.5,109.9,26.0,17.0,25.0,2023-02-09,2023,2
815,78.1,0.0,24.5,108.8,24.0,16.0,20.5,2023-02-10,2023,2
816,74.4,0.0,33.1,93.1,28.0,16.0,18.4,2023-02-11,2023,2
817,69.9,0.0,32.4,114.9,28.0,15.0,20.5,2023-02-12,2023,2
818,69.1,0.0,29.5,127.1,28.0,15.0,22.3,2023-02-13,2023,2
819,72.9,0.0,27.7,126.8,26.6,15.0,27.7,2023-02-14,2023,2
820,71.1,0.0,32.0,118.8,29.0,15.0,22.3,2023-02-15,2023,2
821,80.0,73.0,50.0,92.6,28.0,18.0,25.0,2023-02-16,2023,2
822,82.3,12.0,9.0,34.4,28.7,17.0,13.0,2023-02-17,2023,2
823,83.0,31.0,9.0,80.7,29.0,18.0,18.4,2023-02-18,2023,2
824,76.7,0.0,30.2,113.2,29.0,19.0,22.3,2023-02-19,2023,2
825,72.1,0.0,28.8,117.8,28.0,16.0,14.8,2023-02-20,2023,2
826,77.3,0.0,47.5,291.0,26.0,17.0,21.4,2023-02-21,2023,2
827,79.4,7.8,30.2,29.9,28.4,18.0,20.3,2023-02-22,2023,2
828,89.7,4.0,30.2,106.9,26.3,18.0,20.5,2023-02-23,2023,2
829,74.1,0.0,33.8,116.3,27.0,17.0,22.3,2023-02-24,2023,2
830,77.4,0.0,27.7,118.2,27.0,14.0,20.5,2023-02-25,2023,2
831,75.7,0.0,31.3,114.8,28.0,15.0,16.6,2023-02-26,2023,2
832,73.9,0.0,35.3,111.2,28.0,16.0,25.9,2023-02-27,2023,2
833,72.8,0.8,27.7,106.3,28.0,17.0,25.9,2023-02-28,2023,2
834,84.6,8.0,10.8,39.9,29.0,18.0,16.6,2023-03-01,2023,3
835,83.6,3.0,29.5,327.1,27.0,18.0,22.3,2023-03-02,2023,3
836,93.3,21.0,31.3,352.9,25.0,18.0,16.5,2023-03-03,2023,3
837,88.8,5.0,38.9,340.0,25.0,17.0,20.5,2023-03-04,2023,3
838,91.0,2.0,41.4,329.4,25.0,18.0,27.7,2023-03-05,2023,3
839,89.5,9.0,48.2,318.4,25.6,18.8,29.5,2023-03-06,2023,3
840,84.6,3.0,46.4,304.8,28.0,17.9,25.9,2023-03-07,2023,3
841,78.4,2.0,23.0,293.5,28.0,17.0,22.3,2023-03-08,2023,3
842,81.2,2.0,37.1,312.9,29.0,18.0,22.3,2023-03-09,2023,3
843,83.8,13.0,53.6,124.1,29.0,17.0,35.3,2023-03-10,2023,3
844,82.9,39.0,27.4,129.0,25.0,18.0,20.5,2023-03-11,2023,3
845,80.7,0.0,22.0,133.1,27.0,18.0,18.4,2023-03-12,2023,3
846,78.3,0.0,31.7,137.5,25.0,17.0,29.5,2023-03-13,2023,3
847,75.4,0.0,30.6,130.8,25.0,16.5,24.1,2023-03-14,2023,3
848,77.6,0.0,25.6,109.8,25.0,17.0,20.5,2023-03-15,2023,3
849,87.6,22.0,18.4,16.6,28.0,16.0,24.1,2023-03-16,2023,3
850,81.4,0.0,20.5,298.3,27.0,17.3,19.5,2023-03-17,2023,3
851,84.3,0.7,11.9,85.5,29.0,17.0,22.3,2023-03-18,2023,3
852,89.4,2.0,10.4,81.3,29.0,18.0,33.5,2023-03-19,2023,3
853,85.8,16.0,14.4,87.7,27.0,17.0,18.4,2023-03-20,2023,3
854,85.3,31.0,24.5,120.7,26.8,17.0,22.3,2023-03-21,2023,3
855,85.4,27.4,31.0,106.1,27.0,18.0,25.9,2023-03-22,2023,3
856,80.7,0.1,28.1,113.5,27.0,17.0,20.5,2023-03-23,2023,3
857,81.4,0.0,31.3,115.2,27.0,17.0,24.1,2023-03-24,2023,3
858,79.7,0.0,34.2,112.7,25.0,16.0,21.4,2023-03-25,2023,3
859,78.8,0.0,28.8,121.2,25.1,17.0,18.4,2023-03-26,2023,3
860,75.9,0.2,11.9,148.5,29.0,16.0,14.8,2023-03-27,2023,3
861,87.4,66.0,57.6,112.4,27.3,17.0,29.5,2023-03-28,2023,3
862,85.7,0.0,33.1,121.5,26.0,17.0,21.4,2023-03-29,2023,3
863,86.7,34.0,22.0,97.2,28.0,16.9,23.2,2023-03-30,2023,3
864,84.4,12.0,31.0,114.6,27.0,17.0,16.6,2023-03-31,2023,3
865,77.1,0.0,20.9,110.4,28.0,17.0,18.4,2023-04-01,2023,4
866,80.1,0.0,12.2,106.0,28.0,18.0,14.8,2023-04-02,2023,4
867,84.6,27.0,11.2,91.9,27.0,17.0,17.5,2023-04-03,2023,4
868,85.7,0.0,9.7,69.8,27.0,18.0,18.4,2023-04-04,2023,4
869,86.7,18.7,23.8,125.2,25.0,17.0,18.4,2023-04-05,2023,4
870,85.5,2.0,22.7,120.8,25.0,17.9,16.5,2023-04-06,2023,4
871,78.4,3.0,23.8,120.3,26.0,17.0,18.4,2023-04-07,2023,4
872,77.2,0.0,15.8,117.5,25.0,16.3,18.4,2023-04-08,2023,4
873,78.2,0.0,27.4,147.1,26.0,18.0,20.5,2023-04-09,2023,4
874,78.6,2.0,9.7,145.9,28.0,16.0,20.5,2023-04-10,2023,4
875,79.1,0.0,19.1,252.1,28.0,14.0,20.5,2023-04-11,2023,4
876,73.2,0.0,20.5,70.7,28.5,16.3,15.7,2023-04-12,2023,4
877,86.5,0.6,10.1,73.7,26.0,18.0,15.7,2023-04-13,2023,4
878,80.6,0.0,11.5,79.8,26.3,17.0,16.6,2023-04-14,2023,4
879,88.0,14.0,20.5,58.5,24.0,17.0,17.4,2023-04-15,2023,4
880,80.0,0.7,27.4,120.0,25.7,17.0,16.6,2023-04-16,2023,4
881,77.6,0.0,26.3,127.8,25.0,17.0,18.4,2023-04-17,2023,4
882,78.6,0.0,30.6,128.2,25.0,16.0,22.3,2023-04-18,2023,4
883,81.8,0.0,22.0,142.7,25.6,17.0,22.3,2023-04-19,2023,4
884,82.4,0.0,24.5,108.5,24.0,16.0,21.4,2023-04-20,2023,4
885,79.6,0.0,9.7,60.8,28.4,16.0,18.4,2023-04-21,2023,4
886,79.1,4.0,7.9,78.7,29.0,17.0,24.1,2023-04-22,2023,4
887,83.5,0.8,18.4,50.5,28.8,15.0,22.3,2023-04-23,2023,4
888,81.8,7.0,26.6,296.8,28.0,17.0,24.1,2023-04-24,2023,4
889,72.2,0.0,28.4,82.8,28.3,13.8,16.6,2023-04-25,2023,4
890,74.7,0.0,15.1,108.5,28.5,17.0,13.0,2023-04-26,2023,4
891,78.7,0.0,31.7,105.4,26.8,17.0,21.4,2023-04-27,2023,4
892,75.1,0.0,33.5,129.4,24.0,15.0,22.3,2023-04-28,2023,4
893,75.7,0.0,31.3,132.6,25.0,13.0,16.5,2023-04-29,2023,4
894,73.2,0.0,9.0,103.2,26.0,11.9,12.9,2023-04-30,2023,4
895,76.7,0.0,9.0,108.7,26.0,13.0,13.0,2023-05-01,2023,5
896,76.5,0.1,25.6,100.1,27.0,14.4,16.6,2023-05-02,2023,5
897,88.4,2.0,25.6,110.5,24.0,15.0,13.8,2023-05-03,2023,5
898,86.6,0.1,24.1,110.8,24.1,16.0,22.3,2023-05-04,2023,5
899,77.4,0.0,21.2,88.4,24.7,15.0,14.8,2023-05-05,2023,5
900,78.8,0.0,37.1,88.4,26.0,14.0,19.5,2023-05-06,2023,5
901,79.7,0.0,26.6,113.8,25.0,15.0,25.9,2023-05-07,2023,5
902,80.0,0.0,26.6,120.0,24.0,13.0,22.3,2023-05-08,2023,5
903,80.2,0.0,27.4,125.4,23.0,15.0,21.4,2023-05-09,2023,5
904,81.8,0.0,25.6,120.9,23.8,15.0,25.0,2023-05-10,2023,5
905,86.6,0.0,25.6,109.2,24.0,12.0,22.3,2023-05-11,2023,5
906,76.8,0.0,29.2,102.9,26.0,15.0,18.4,2023-05-12,2023,5
907,78.8,7.0,12.2,97.6,27.5,16.1,16.6,2023-05-13,2023,5
908,80.8,6.2,19.4,96.9,26.0,16.0,16.6,2023-05-14,2023,5
909,77.7,0.3,18.4,35.2,25.8,17.0,18.4,2023-05-15,2023,5
910,75.2,0.0,35.3,309.8,26.0,15.0,20.5,2023-05-16,2023,5
911,73.1,0.0,18.0,339.9,26.8,12.0,18.4,2023-05-17,2023,5
912,79.6,0.0,17.6,325.3,26.4,14.1,14.8,2023-05-18,2023,5
913,76.9,0.0,14.0,328.5,27.0,13.0,13.0,2023-05-19,2023,5
914,70.5,0.0,26.6,296.4,27.0,12.0,16.6,2023-05-20,2023,5
915,69.2,0.0,11.5,312.1,28.0,11.0,13.0,2023-05-21,2023,5
916,70.4,0.0,25.9,294.5,27.0,12.4,18.4,2023-05-22,2023,5
917,68.3,0.0,17.3,276.0,26.0,11.0,14.8,2023-05-23,2023,5
918,79.4,0.0,42.5,99.9,26.0,10.5,14.8,2023-05-24,2023,5
919,85.9,17.0,32.0,108.2,24.0,12.0,24.1,2023-05-25,2023,5
920,82.9,3.0,29.9,123.8,22.6,10.0,17.4,2023-05-26,2023,5
921,81.6,0.0,30.2,136.5,22.1,11.9,24.1,2023-05-27,2023,5
922,78.3,0.0,28.4,141.8,22.0,13.0,22.3,2023-05-28,2023,5
923,76.1,0.0,28.4,126.5,25.0,11.8,20.5,2023-05-29,2023,5
924,77.7,0.0,28.4,132.8,23.0,14.4,22.3,2023-05-30,2023,5
925,75.2,0.0,31.0,130.3,24.0,13.0,19.5,2023-05-31,2023,5
926,79.7,0.0,31.0,119.3,23.0,11.0,22.3,2023-06-01,2023,6
927,84.6,0.0,33.8,128.0,21.0,10.0,18.4,2023-06-02,2023,6
928,81.3,0.0,23.4,129.2,21.9,14.0,17.4,2023-06-03,2023,6
929,73.1,0.0,29.9,124.7,22.0,13.0,22.3,2023-06-04,2023,6
930,85.6,0.0,23.4,120.3,21.6,13.0,20.3,2023-06-05,2023,6
931,83.9,0.0,24.5,109.1,23.0,11.1,18.4,2023-06-06,2023,6
932,81.8,0.0,27.7,127.2,23.6,14.0,21.4,2023-06-07,2023,6
933,81.6,0.0,20.9,107.4,24.0,13.0,18.4,2023-06-08,2023,6
934,79.5,0.0,23.0,100.4,25.0,14.0,17.4,2023-06-09,2023,6
935,80.3,0.0,11.9,123.7,25.0,12.0,14.8,2023-06-10,2023,6
936,74.0,0.0,24.8,93.9,25.0,12.0,11.2,2023-06-11,2023,6
937,73.3,0.0,18.0,77.7,25.0,12.0,13.8,2023-06-12,2023,6
938,68.3,0.0,18.0,10.4,24.0,12.0,14.8,2023-06-13,2023,6
939,69.9,0.0,14.4,134.4,25.0,9.6,14.8,2023-06-14,2023,6
940,77.0,0.0,7.9,125.0,25.0,11.0,14.8,2023-06-15,2023,6
941,74.2,0.0,7.2,119.7,26.0,11.8,9.4,2023-06-16,2023,6
942,69.9,0.0,31.3,127.1,25.0,8.0,16.6,2023-06-17,2023,6
943,79.9,0.0,32.4,142.8,21.4,11.0,27.7,2023-06-18,2023,6
944,81.8,0.0,27.4,120.8,20.7,8.0,20.5,2023-06-19,2023,6
945,78.9,0.0,26.3,101.8,22.0,8.0,14.8,2023-06-20,2023,6
946,82.0,0.0,33.1,114.4,22.0,9.0,19.5,2023-06-21,2023,6
947,78.7,0.1,16.2,116.5,25.1,8.5,14.8,2023-06-22,2023,6
948,77.0,0.0,23.0,126.5,23.0,10.9,13.8,2023-06-23,2023,6
949,79.4,0.0,25.9,125.9,23.0,9.0,21.4,2023-06-24,2023,6
950,75.8,0.0,29.5,113.0,22.7,10.0,20.3,2023-06-25,2023,6
951,78.8,0.0,32.8,109.8,22.0,8.9,16.6,2023-06-26,2023,6
952,74.6,0.0,28.8,101.9,21.0,7.0,20.5,2023-06-27,2023,6
953,75.3,0.0,27.7,104.2,21.0,5.9,16.5,2023-06-28,2023,6
954,82.9,0.0,31.3,119.7,22.0,10.0,22.3,2023-06-29,2023,6
955,78.0,0.0,26.6,98.2,21.4,9.0,20.3,2023-06-30,2023,6
956,80.0,0.0,34.6,120.8,23.0,8.0,20.5,2023-07-01,2023,7
957,80.1,0.0,28.8,142.1,20.0,9.0,29.6,2023-07-02,2023,7
958,75.8,0.0,37.4,149.3,18.0,12.0,24.1,2023-07-03,2023,7
959,83.0,0.2,36.4,155.6,22.0,8.0,20.5,2023-07-04,2023,7
960,86.3,0.0,19.1,125.9,20.1,8.9,18.4,2023-07-05,2023,7
961,79.8,0.0,29.5,131.2,22.0,11.4,20.5,2023-07-06,2023,7
962,76.7,0.0,37.1,113.9,22.0,9.0,31.7,2023-07-07,2023,7
963,87.7,0.2,40.0,138.9,18.0,11.9,24.1,2023-07-08,2023,7
964,84.2,0.0,24.1,114.4,19.5,11.0,21.4,2023-07-09,2023,7
965,85.1,0.1,20.2,106.6,22.0,12.0,13.8,2023-07-10,2023,7
966,73.5,0.0,28.1,275.6,25.0,13.0,14.8,2023-07-11,2023,7
967,79.2,0.0,35.6,132.0,22.0,10.0,22.3,2023-07-12,2023,7
968,76.5,0.0,31.0,131.2,20.0,12.0,18.4,2023-07-13,2023,7
969,75.9,0.0,34.2,142.9,21.0,12.4,22.3,2023-07-14,2023,7
970,70.1,0.0,37.1,142.7,19.0,12.0,25.9,2023-07-15,2023,7
971,75.0,0.0,24.1,127.4,22.0,11.0,22.3,2023-07-16,2023,7
972,80.9,0.0,29.5,134.3,21.0,14.0,22.3,2023-07-17,2023,7
973,79.0,0.0,34.2,119.2,21.0,12.0,22.3,2023-07-18,2023,7
974,87.4,0.2,28.1,127.7,21.0,10.0,20.5,2023-07-19,2023,7
975,74.5,0.0,28.4,131.3,26.0,11.0,22.3,2023-07-20,2023,7
976,75.0,0.0,32.8,123.5,22.0,14.0,27.7,2023-07-21,2023,7
977,78.6,0.0,33.8,124.3,21.0,12.0,27.7,2023-07-22,2023,7
978,79.2,0.0,24.1,129.8,22.0,12.0,18.4,2023-07-23,2023,7
979,78.0,0.0,33.8,126.3,23.0,11.5,20.5,2023-07-24,2023,7
980,71.6,0.0,33.1,141.5,25.1,10.0,16.6,2023-07-25,2023,7
981,78.7,0.0,34.2,151.5,21.0,11.0,23.2,2023-07-26,2023,7
982,68.5,0.0,33.1,138.2,23.0,8.9,20.5,2023-07-27,2023,7
983,71.5,0.0,32.4,135.9,23.0,10.0,14.8,2023-07-28,2023,7
984,72.2,0.0,32.4,119.7,22.4,9.9,19.4,2023-07-29,2023,7
985,75.4,0.0,30.2,99.0,25.0,7.3,20.3,2023-07-30,2023,7
986,77.6,0.0,32.4,91.2,24.0,9.0,17.4,2023-07-31,2023,7
987,75.3,0.0,34.9,121.0,24.0,13.0,20.5,2023-08-01,2023,8
988,69.9,0.0,36.4,136.9,22.0,12.0,25.9,2023-08-02,2023,8
989,76.3,0.0,42.8,153.0,19.0,11.0,24.1,2023-08-03,2023,8
990,75.1,0.0,46.4,154.6,20.1,13.0,27.8,2023-08-04,2023,8
991,76.6,0.0,41.0,148.6,20.0,13.0,26.8,2023-08-05,2023,8
992,74.3,0.0,38.2,142.8,20.0,13.0,25.9,2023-08-06,2023,8
993,74.4,0.0,30.6,122.4,22.0,12.0,21.4,2023-08-07,2023,8
994,83.6,15.0,29.9,126.0,22.3,12.0,14.8,2023-08-08,2023,8
995,78.1,3.0,28.8,128.3,23.0,10.0,20.5,2023-08-09,2023,8
996,74.6,0.0,26.6,119.9,25.0,11.5,14.8,2023-08-10,2023,8
997,72.4,0.0,21.6,99.1,24.4,13.0,18.4,2023-08-11,2023,8
998,74.2,0.0,31.3,101.5,24.0,13.0,20.5,2023-08-12,2023,8
999,80.9,0.1,31.7,110.8,24.0,12.0,24.1,2023-08-13,2023,8
